<ImportExportXml version="9.2.24124.182" SolutionPackageVersion="9.2" languagecode="1033" generatedBy="CrmLive" xmlns:xsi="http://www.w3.org/2001/XMLSchema-instance" OrganizationVersion="9.2.24124.182" OrganizationSchemaType="Standard" CRMServerServiceabilityVersion="9.2.24124.00182">
  <SolutionManifest>
    <UniqueName>SchoolLibrary</UniqueName>
    <LocalizedNames>
      <LocalizedName description="School Library" languagecode="1033" />
    </LocalizedNames>
    <Descriptions />
    <Version>1.0.0.10</Version>
    <Managed>0</Managed>
    <Publisher>
      <UniqueName>powerup</UniqueName>
      <LocalizedNames>
        <LocalizedName description="Power Up" languagecode="1033" />
      </LocalizedNames>
      <Descriptions />
      <EMailAddress xsi:nil="true"></EMailAddress>
      <SupportingWebsiteUrl xsi:nil="true"></SupportingWebsiteUrl>
      <CustomizationPrefix>pu</CustomizationPrefix>
      <CustomizationOptionValuePrefix>82725</CustomizationOptionValuePrefix>
      <Addresses>
        <Address>
          <AddressNumber>1</AddressNumber>
          <AddressTypeCode>1</AddressTypeCode>
          <City xsi:nil="true"></City>
          <County xsi:nil="true"></County>
          <Country xsi:nil="true"></Country>
          <Fax xsi:nil="true"></Fax>
          <FreightTermsCode xsi:nil="true"></FreightTermsCode>
          <ImportSequenceNumber xsi:nil="true"></ImportSequenceNumber>
          <Latitude xsi:nil="true"></Latitude>
          <Line1 xsi:nil="true"></Line1>
          <Line2 xsi:nil="true"></Line2>
          <Line3 xsi:nil="true"></Line3>
          <Longitude xsi:nil="true"></Longitude>
          <Name xsi:nil="true"></Name>
          <PostalCode xsi:nil="true"></PostalCode>
          <PostOfficeBox xsi:nil="true"></PostOfficeBox>
          <PrimaryContactName xsi:nil="true"></PrimaryContactName>
          <ShippingMethodCode>1</ShippingMethodCode>
          <StateOrProvince xsi:nil="true"></StateOrProvince>
          <Telephone1 xsi:nil="true"></Telephone1>
          <Telephone2 xsi:nil="true"></Telephone2>
          <Telephone3 xsi:nil="true"></Telephone3>
          <TimeZoneRuleVersionNumber xsi:nil="true"></TimeZoneRuleVersionNumber>
          <UPSZone xsi:nil="true"></UPSZone>
          <UTCOffset xsi:nil="true"></UTCOffset>
          <UTCConversionTimeZoneCode xsi:nil="true"></UTCConversionTimeZoneCode>
        </Address>
        <Address>
          <AddressNumber>2</AddressNumber>
          <AddressTypeCode>1</AddressTypeCode>
          <City xsi:nil="true"></City>
          <County xsi:nil="true"></County>
          <Country xsi:nil="true"></Country>
          <Fax xsi:nil="true"></Fax>
          <FreightTermsCode xsi:nil="true"></FreightTermsCode>
          <ImportSequenceNumber xsi:nil="true"></ImportSequenceNumber>
          <Latitude xsi:nil="true"></Latitude>
          <Line1 xsi:nil="true"></Line1>
          <Line2 xsi:nil="true"></Line2>
          <Line3 xsi:nil="true"></Line3>
          <Longitude xsi:nil="true"></Longitude>
          <Name xsi:nil="true"></Name>
          <PostalCode xsi:nil="true"></PostalCode>
          <PostOfficeBox xsi:nil="true"></PostOfficeBox>
          <PrimaryContactName xsi:nil="true"></PrimaryContactName>
          <ShippingMethodCode>1</ShippingMethodCode>
          <StateOrProvince xsi:nil="true"></StateOrProvince>
          <Telephone1 xsi:nil="true"></Telephone1>
          <Telephone2 xsi:nil="true"></Telephone2>
          <Telephone3 xsi:nil="true"></Telephone3>
          <TimeZoneRuleVersionNumber xsi:nil="true"></TimeZoneRuleVersionNumber>
          <UPSZone xsi:nil="true"></UPSZone>
          <UTCOffset xsi:nil="true"></UTCOffset>
          <UTCConversionTimeZoneCode xsi:nil="true"></UTCConversionTimeZoneCode>
        </Address>
      </Addresses>
    </Publisher>
    <RootComponents>
      <RootComponent type="1" schemaName="contact" behavior="0" />
      <RootComponent type="1" schemaName="pu_author" behavior="0" />
      <RootComponent type="1" schemaName="pu_book" behavior="0" />
      <RootComponent type="1" schemaName="pu_bookcopies" behavior="0" />
      <RootComponent type="1" schemaName="pu_loans" behavior="0" />
      <RootComponent type="9" schemaName="pu_checkoutstatus" behavior="0" />
      <RootComponent type="20" id="{5aad1c60-5aa5-ee11-be37-0022480bd87a}" behavior="0" />
      <RootComponent type="61" schemaName="pu_AuthorIcon" behavior="0" />
      <RootComponent type="61" schemaName="pu_BookIcon" behavior="0" />
      <RootComponent type="61" schemaName="pu_BookLoanIcon" behavior="0" />
      <RootComponent type="61" schemaName="pu_bookstock" behavior="0" />
      <RootComponent type="62" schemaName="pu_LoansManager" behavior="0" />
      <RootComponent type="80" schemaName="pu_LoansManager" behavior="0" />
      <RootComponent type="300" schemaName="pu_completedmoderncontrolsmylibrarymanagercanvasapp_e3c0f" behavior="0" />
      <RootComponent type="300" schemaName="pu_loancheckinandcheckout_31480" behavior="0" />
      <RootComponent type="300" schemaName="pu_loanscheckincheckout_fb218" behavior="0" />
      <RootComponent type="300" schemaName="pu_nonresponsivecustomxyz_ef27e" behavior="0" />
      <RootComponent type="300" schemaName="pu_setupv2_268fa" behavior="0" />
    </RootComponents>
    <MissingDependencies>
      <MissingDependency>
        <Required type="1" schemaName="adx_externalidentity" displayName="External Identity" solution="PowerPages_RuntimeCore (1.0.2407.1)">
          <package appName="Power Pages Core Package" version="1.0.2409.121">PowerPages_Core (1.0.2409.121)</package>
        </Required>
        <Dependent type="1" schemaName="contact" displayName="Contact" />
      </MissingDependency>
      <MissingDependency>
        <Required type="1" schemaName="adx_invitation" displayName="Invitation" solution="PowerPages_RuntimeCore (1.0.2407.1)">
          <package appName="Power Pages Core Package" version="1.0.2409.121">PowerPages_Core (1.0.2409.121)</package>
        </Required>
        <Dependent type="1" schemaName="contact" displayName="Contact" />
      </MissingDependency>
      <MissingDependency>
        <Required type="1" schemaName="adx_webformsession" displayName="Multistep Form Session" solution="PowerPages_RuntimeCore (1.0.2407.1)">
          <package appName="Power Pages Core Package" version="1.0.2409.121">PowerPages_Core (1.0.2409.121)</package>
        </Required>
        <Dependent type="1" schemaName="contact" displayName="Contact" />
      </MissingDependency>
      <MissingDependency>
        <Required type="1" schemaName="powerpagessiteaifeedback" displayName="Power Pages Site AI Feedback" solution="PowerPages_RuntimeExtensions (1.0.2409.2)">
          <package appName="Power Pages Core Package" version="1.0.2409.121">PowerPages_Core (1.0.2409.121)</package>
        </Required>
        <Dependent type="1" schemaName="contact" displayName="Contact" />
      </MissingDependency>
      <MissingDependency>
        <Required type="10" schemaName="msa_contact_managingpartner" displayName="msa_contact_managingpartner" parentSchemaName="account" parentDisplayName="Account" solution="PowerPages_RuntimeCoreDependencies (1.0.2305.1)">
          <package appName="Power Pages Core Package" version="1.0.2409.121">PowerPages_Core (1.0.2409.121)</package>
        </Required>
        <Dependent type="10" schemaName="msa_contact_managingpartner" displayName="msa_contact_managingpartner" parentSchemaName="account" parentDisplayName="Account" />
      </MissingDependency>
      <MissingDependency>
        <Required type="10" schemaName="adx_invitation_invitecontacts" displayName="adx_invitation_invitecontacts" parentSchemaName="adx_invitation" parentDisplayName="Invitation" solution="PowerPages_RuntimeCore (1.0.2407.1)">
          <package appName="Power Pages Core Package" version="1.0.2409.121">PowerPages_Core (1.0.2409.121)</package>
        </Required>
        <Dependent type="10" schemaName="adx_invitation_invitecontacts" displayName="adx_invitation_invitecontacts" parentSchemaName="adx_invitation" parentDisplayName="Invitation" />
      </MissingDependency>
      <MissingDependency>
        <Required type="10" schemaName="adx_invitation_redeemedcontacts" displayName="adx_invitation_redeemedcontacts" parentSchemaName="adx_invitation" parentDisplayName="Invitation" solution="PowerPages_RuntimeCore (1.0.2407.1)">
          <package appName="Power Pages Core Package" version="1.0.2409.121">PowerPages_Core (1.0.2409.121)</package>
        </Required>
        <Dependent type="10" schemaName="adx_invitation_redeemedcontacts" displayName="adx_invitation_redeemedcontacts" parentSchemaName="adx_invitation" parentDisplayName="Invitation" />
      </MissingDependency>
      <MissingDependency>
        <Required type="10" schemaName="powerpagecomponent_mspp_webrole_contact" displayName="powerpagecomponent_mspp_webrole_contact" parentSchemaName="powerpagecomponent" parentDisplayName="Site Component" solution="PowerPages_RuntimeExtensions (1.0.2409.2)">
          <package appName="Power Pages Core Package" version="1.0.2409.121">PowerPages_Core (1.0.2409.121)</package>
        </Required>
        <Dependent type="10" schemaName="powerpagecomponent_mspp_webrole_contact" displayName="powerpagecomponent_mspp_webrole_contact" parentSchemaName="powerpagecomponent" parentDisplayName="Site Component" />
      </MissingDependency>
      <MissingDependency>
        <Required type="60" displayName="Contact" parentDisplayName="Contact" solution="msdynce_AppCommon (9.0.4.0066)" id="{1fed44d1-ae68-4a41-bd2b-f13acac4acfa}">
          <package appName="msdynce_AppCommon" version="9.0.24095.10001">msdynce_AppCommonAnchor (9.0.24095.10001)</package>
          <package appName="Dynamics 365 Application Common" version="9.0.24114.10001">msdynce_AppCommonAnchor (9.0.24114.10001)</package>
        </Required>
        <Dependent type="60" displayName="Contact" parentDisplayName="Contact" id="{1fed44d1-ae68-4a41-bd2b-f13acac4acfa}" />
      </MissingDependency>
      <MissingDependency>
        <Required type="61" schemaName="mspp_web_pages.svg" displayName="mspp_web_pages.svg" solution="PowerPages_AppResources (1.0.2407.1)">
          <package appName="Power Pages Core Package" version="1.0.2409.121">PowerPages_Core (1.0.2409.121)</package>
        </Required>
        <Dependent type="62" schemaName="pu_LoansManager" />
      </MissingDependency>
      <MissingDependency>
        <Required type="SettingDefinition" displayName="appcopilotenabled" solution="msdyn_AppCopilotAppInfraSettings (9.1.2024115.241121075)" id.uniquename="appcopilotenabled">
          <package appName="PowerAppsAppCopilotApp Package" version="9.1.2024115.241121075">PowerAppsAppCopilotApp_Anchor (9.1.2024115.241121075)</package>
        </Required>
        <Dependent type="AppSetting" displayName="parentappmoduleid.uniquename=pu_LoansManager,settingdefinitionid.uniquename=appcopilotenabled" id.parentappmoduleid.uniquename="pu_LoansManager" id.settingdefinitionid.uniquename="appcopilotenabled" />
      </MissingDependency>
    </MissingDependencies>
  </SolutionManifest>
</ImportExportXml>